Id,Prediction
0,0.9983780679783698
1,0.9998454478588117
2,0.9994222680027993
3,1.8316873797628757e-07
4,0.2317963101013327
5,0.9999976494632866
6,5.786779870120311e-06
7,2.721281504077485e-05
8,0.9992889903805687
9,0.9956816358547169
10,0.9984481108196235
11,0.8125144131051948
12,2.810878605034658e-05
13,8.202987213893862e-05
14,0.0031809214477994258
15,0.9686500894044886
16,0.9935266413794682
17,0.006806109790123024
18,9.27630562612733e-07
19,0.7432933290676889
20,6.5795123795761175e-06
21,0.0006180260358625879
22,0.0089258309937109
23,0.9999988808842818
24,1.6322801835599144e-06
25,0.0017216224247235366
26,0.994842601394494
27,0.45024924779956715
28,0.9102547279520076
29,0.999967641469238
30,0.9931750428638728
31,0.9999981121669969
32,6.63610021270078e-06
33,0.7892530320275275
34,0.9999888817052361
35,0.00011476269438789328
36,0.9999826412820099
37,0.9999900840123186
38,0.9994956122100199
39,0.4126759885919492
40,0.9999724803867718
41,0.026775775024542398
42,3.037700706021529e-05
43,2.715608867434332e-06
44,0.00043707013929658595
45,0.00018780984076272275
46,0.6128243914655873
47,0.6946845975326954
48,0.9999370304264386
49,0.9999970655911253
50,0.996419320931472
51,0.9999999697229256
52,0.9989471726480562
53,1.1098638005766398e-06
54,0.9999997052693075
55,0.005683881015626051
56,0.9997609197580948
57,0.9862128898460552
58,0.927901872352251
59,0.9995934299330457
60,1.2981654134469144e-08
61,2.6019844019389524e-05
62,0.9595250753444752
63,5.5906878534714436e-08
64,0.997312893385972
65,0.9997559373399525
66,0.0005733535257023395
67,0.38644466466668853
68,0.9978905131437269
69,7.68738424638899e-09
70,1.0056738090686456e-06
71,0.9999604039027453
72,0.9999812556981607
73,0.9999999341188898
74,0.9993907151127235
75,0.9999917600424197
76,0.0006301469713777863
77,3.6884151800182585e-07
78,0.999997054942979
79,0.9962216241011165
80,0.999971812918958
81,4.3884842321383645e-06
82,0.0041109195178020445
83,0.9843237349519496
84,0.9972682758632608
85,0.003831860645886344
86,0.9999766840081373
87,1.4589037192665431e-05
88,0.9999998984832487
89,0.999997650554627
90,0.9990877028260856
91,0.0002655208751144553
92,5.081651860839411e-06
93,0.999993545208501
94,0.9995068728244351
95,0.8333403599109878
96,1.7931000206666686e-07
97,0.9998398143305297
98,7.845344744412115e-06
99,0.9999977806053991
100,0.0032153175754917134
101,0.9999128953258036
102,0.9685099561857423
103,0.0019288692482524235
104,0.9970673869526376
105,7.014240743337471e-05
106,0.0020568142222626997
107,0.9999993668017769
108,2.6405137505843164e-05
109,0.9999999580720327
110,0.9999751133439934
111,3.206365552294196e-05
112,0.9999749588731031
113,0.012966178946912935
114,0.26713687085779014
115,1.681843578326872e-06
116,0.005694496074028744
117,0.9989288809736251
118,0.8869794021337829
119,0.9993774521046929
120,0.0394188529789269
121,0.9999999800813983
122,3.365899774581422e-07
123,0.9939084353695042
124,0.9999993641278322
125,0.9693668008940847
126,0.0013168621057295044
127,9.917381875135461e-06
128,0.9998937154817545
129,0.9999981555195565
130,0.9999999248414496
131,2.349815214253634e-05
132,0.011156693225708593
133,0.996453719578828
134,0.0001413551435064297
135,0.001164566906017626
136,0.9811786858628607
137,0.00010870892132531095
138,0.9999008175897302
139,0.9972179048500693
140,0.9342836881563309
141,0.9999199860009031
142,0.9999661310508006
143,0.00034514007974099914
144,0.5554921667802133
145,2.196329651481772e-05
146,0.9999400103494912
147,0.9886944256718092
148,0.0321431474523441
149,0.0006422160592155466
150,0.9999977721197294
151,0.0018825271001379864
152,0.9982143544124533
153,0.9996930386623785
154,0.9992020684137747
155,1.8952758253255012e-05
156,2.340295920989951e-05
157,0.9999155653627635
158,0.9983502704990971
159,0.001503704811059482
160,0.00010079947115535134
161,0.9999986150702576
162,0.9999807992959907
163,0.8280814682555557
164,0.9742793889425279
165,0.9985753214022806
166,0.0028256439689346834
167,0.9999998175185314
168,0.0021703457844560498
169,0.9999252352443068
170,0.9946128860296045
171,1.9108895543004123e-06
172,0.00035472347765925236
173,0.9977531540059762
174,0.9843223649905277
175,0.9999788604931042
176,0.9948569284664067
177,0.9991775214614866
178,0.026062011044838768
179,2.781442726708295e-09
180,0.999997804351692
181,0.9997060976605919
182,0.006468999261685374
183,0.0009888439415156598
184,0.0009270358146262574
185,0.9994467511214931
186,0.006942437713793791
187,0.9999604182780206
188,1.5990798968059684e-07
189,0.9999999903527331
190,0.8623541435919307
191,0.3871776362601041
192,0.9892256112733139
193,0.9994439526568272
194,8.406248455569842e-05
195,6.751579232673731e-05
196,0.0009470461095996786
197,0.9990852652292626
198,0.9999900218081715
199,0.007491681655928748
200,8.21215130034616e-06
201,0.002181888057370251
202,0.9999597894125476
203,0.0032749954712618396
204,0.9973891658634918
205,0.08410945011465581
206,0.004372774059486857
207,0.9993019789028403
208,6.154748563116941e-06
209,0.9999782286451742
210,4.2776701887454175e-05
211,1.4058890089830475e-06
212,0.9998860788299405
213,0.9999453897764765
214,0.04248579276955899
215,0.9880882254481076
216,0.9999154767149956
217,0.8149330855381796
218,0.9992754157809982
219,0.9810962000155633
220,0.5222768567777687
221,0.0002110141962782793
222,3.955978111895861e-08
223,0.9997684701060421
224,0.00275491673006432
225,0.9998293485406096
226,0.9992909703757324
227,5.934215658705329e-06
228,0.9572161595014888
229,0.00012765845003849505
230,0.42682676785546175
231,0.928211668368869
232,0.0011389565450300252
233,0.997972290889481
234,1.229422187854368e-08
235,4.338793379223004e-05
236,8.385807992060758e-09
237,1.3771810636189036e-06
238,0.0001855404830141531
239,0.0004573271028747053
240,0.9999997610836879
241,0.9685437801493019
242,5.1010215578714395e-06
243,0.9999918796099652
244,0.9999423446250053
245,0.9877159080246111
246,0.7864334547496807
247,4.100069418961007e-06
248,0.9989771577938981
249,0.9996952266693732
250,1.1001678164634305e-07
251,0.22386057222618339
252,0.9998024799908886
253,0.9849795225490571
254,0.0006059518185032175
255,0.000848005503999917
256,0.0035082911942925766
257,2.1557649542706138e-05
258,0.9999948358616979
259,0.9997143681653259
260,0.9998803273053511
261,4.007328568301047e-08
262,0.9998519967763281
263,0.9995928293019654
264,6.074310537345184e-09
265,4.986094771413316e-06
266,0.0004968201154866142
267,0.9999895644041917
268,0.0005181144145380649
269,1.8217630636462934e-05
270,4.821871668489909e-07
271,0.01891227779872662
272,0.9999960166798885
273,0.9926879024823807
274,0.9999902675603833
275,0.9999960530923965
276,0.005190597833764244
277,2.2936868550114303e-06
278,0.9999857936353707
279,0.9984734269378998
280,0.03226404142146045
281,0.9999242553869092
282,0.9469052230496383
283,0.9999028225011329
284,0.9999790450319421
285,0.9996407321926608
286,0.9989860817280996
287,0.9955981294008118
288,0.9999225320479236
289,0.006214928951777191
290,0.9985016957055205
291,2.597710901425671e-05
292,0.0001622301902004791
293,3.0071578955682295e-06
294,0.9999404910321141
295,1.8431034295905767e-07
296,0.9997018807995451
297,0.03134938304719075
298,0.9984643356269051
299,4.3211236220495205e-06
300,1.4553902822485907e-07
301,0.9999087067786874
302,0.00013667466544443974
303,0.9998693139522673
304,0.9999449860112074
305,0.002015240806286999
306,0.9999908700871974
307,9.960556961118502e-05
308,6.231858989740376e-07
309,0.929163452945834
310,0.9999738686310858
311,0.9999990212208835
312,0.8660886568190388
313,0.0002894952175889925
314,6.523240643050379e-06
315,0.9999897996770599
316,0.9999999654870696
317,2.0565588221715127e-13
318,0.9859897619561522
319,0.9999619455465784
320,0.9999655715714549
321,0.9999797790389942
322,8.277015388419271e-07
323,0.0030917306531608375
324,0.9996850660719235
325,0.9985002187652748
326,0.026070910757869305
327,0.9999896269701518
328,0.028770596540316117
329,0.9999997748262971
330,0.996797325828202
331,0.8129390497795118
332,0.9999962172868928
333,0.9926949762204587
334,0.0009926336696627319
335,4.324693318218353e-05
336,0.0010579660833527056
337,0.9999652351789188
338,0.06696190110097451
339,3.269167035975434e-05
340,0.00029419700856043215
341,0.001032428951892663
342,0.9973865061654952
343,0.9937501591388382
344,0.0017735464398385876
345,0.9996034887892259
346,4.010689412981525e-06
347,0.9999765407925689
348,0.9734489020284516
349,0.9999992556267562
350,0.9992728476553976
351,0.9972455488486289
352,0.02220243220468836
353,0.9999998241087117
354,0.9996943099417089
355,4.004846236763457e-05
356,0.999997266672451
357,2.4823820656475535e-06
358,3.998527740767325e-06
359,3.322828891078864e-08
360,0.015783298263487174
361,0.0005548019950138974
362,0.9997941805201205
363,7.618066792271444e-05
364,0.9999423878516608
365,0.9995535460564181
366,0.9970344033970612
367,0.9718626590286824
368,0.9993517727439079
369,6.358210719765532e-05
370,0.0024005870219660315
371,3.7805784833559005e-10
372,0.9999983853468412
373,0.0027257604936999366
374,0.9961035928123929
375,0.8639790576861844
376,5.885473156558365e-05
377,0.9985737602770407
378,0.00018114943525204217
379,0.9993430494106005
380,0.9988984009488877
381,0.00011348286300019097
382,0.01909461024661291
383,0.9328950825682585
384,0.9903778913385467
385,0.9957610610459695
386,2.181185896728723e-06
387,2.0017134702595522e-05
388,9.570661758130096e-08
389,0.39197529951812127
390,0.955892410445218
391,0.9997149810656508
392,0.047480075134649864
393,0.03566031574791367
394,0.0032563273396790187
395,0.9956469392843359
396,0.00015276069543802682
397,3.5921154349430046e-07
398,0.9991242644638968
399,0.006463448616448316
400,0.9999492538902651
401,0.9999939734575003
402,0.9963641746406383
403,0.006244817145757905
404,0.0003064201738822051
405,0.0004322694775084325
406,8.872562899453162e-08
407,0.04582504061526759
408,0.0017531369722277783
409,0.9999701671365491
410,0.9999902937222981
411,0.997334800670869
412,0.00036759193543382335
413,0.9771182785741642
414,0.00020620575150355185
415,9.612258481483722e-06
416,3.0417439592488853e-06
417,2.3871674451169597e-06
418,0.000759793078916188
419,0.6873796840944926
420,0.999999571635371
421,1.8810958767687294e-05
422,0.9742445277272468
423,0.03258751419274217
424,0.9998722222816828
425,7.371966782603847e-09
426,0.999470207694325
427,0.002908968529161174
428,1.0621111480656895e-05
429,0.389018013617298
430,0.9990070408692439
431,5.1894581356646355e-09
432,7.761676491952212e-05
433,0.999359496715692
434,0.00011637633782546655
435,1.414385391113032e-07
436,0.9999463027863116
437,0.9999990850169608
438,5.1038532286432555e-09
439,0.981650591265397
440,0.9999338325786655
441,0.9994964841317975
442,8.493776184490806e-06
443,0.00013841362906683472
444,0.999984875939692
445,7.742067663638107e-05
446,0.9999999524644827
447,0.9999999940283502
448,0.9999274622285511
449,2.9205139679384977e-05
450,0.01976605024821439
451,0.9950647460424599
452,1.877987112101013e-07
453,0.00015902873750342047
454,7.598544505178557e-05
455,0.12149847399616945
456,0.0001578650997085027
457,7.105185384281485e-11
458,2.5161845335906004e-07
459,0.00022390509087497388
460,0.9999282680064805
461,0.005346076069258522
462,0.0001902996016326037
463,0.9971205204625291
464,0.998406771502661
465,3.5233676315765936e-07
466,0.7777578460731833
467,1.6897922932949703e-11
468,0.8293263899667493
469,6.391377932508677e-05
470,0.012340176998482888
471,0.9981589080560139
472,2.075134479670388e-05
473,1.3689275130539913e-06
474,0.985693756123973
475,2.42018699257154e-05
476,6.743534698243906e-06
477,0.008370529215646646
478,0.0002741685055977359
479,3.169346361707141e-08
480,0.9999899266653711
481,0.9989416086502869
482,0.0012791484416732474
483,0.9999584197274531
484,0.999104578405608
485,6.777425156991227e-05
486,0.9965028793815378
487,0.27253800021183294
488,0.9998825768156356
489,5.24844086140827e-05
490,2.276281154398162e-05
491,0.010063946307434674
492,0.013842073164018486
493,0.0008545508809403631
494,0.9999821053915925
495,0.9999897838396405
496,0.9999542951818339
497,2.7733476972061847e-05
498,2.434336617026938e-05
499,0.17731064329995586
500,0.0011400128843000676
501,0.0014674214879612745
502,0.9999277412451549
503,0.0011979718855081145
504,0.9909784066376967
505,0.9999999981855232
506,0.0008837512120621139
507,1.5141804095585022e-06
508,0.03288149945828288
509,3.0494629998765737e-05
510,0.960283017443396
511,0.9792769314807339
512,0.00013711227731623754
513,0.9992343577745901
514,0.9999672074208424
515,0.9998321066203856
516,0.9699354544136927
517,0.999998978666623
518,0.999997542045575
519,0.9981001199941898
520,0.00010259138789676413
521,0.9997542803669884
522,0.29972314690496504
523,8.367978345692367e-06
524,0.009457371466022576
525,9.732114487631778e-09
526,0.9721567810783872
527,2.2041783944248565e-05
528,2.140141412480674e-12
529,3.056231696903493e-05
530,0.9994947084643162
531,0.9965586618021637
532,0.9999994335167555
533,0.9920278793353393
534,0.00039582260181855467
535,1.8822341695678947e-05
536,0.9995934167346185
537,0.9996753143501971
538,0.998335161755601
539,0.9903675322053981
540,0.9989953532358682
541,0.9559372334652064
542,0.9996033304037767
543,0.9994612316643533
544,3.42524106132834e-05
545,2.712299459710206e-07
546,0.989484184957927
547,0.9999995976917513
548,0.9527583816985196
549,0.00018303246231684756
550,0.9999260035131488
551,2.4649061248147817e-05
552,0.9977646430991656
553,0.9989209680631079
554,0.9513074263006459
555,0.9999942807622322
556,0.9779170492991286
557,0.006238285570050769
558,0.9998519617461374
559,0.34362903935923855
560,0.9999999991441135
561,0.0031619932234989746
562,1.4705422611650931e-05
563,0.9985337543496688
564,0.9994156994497514
565,0.9965706537731283
566,6.106073997050861e-06
567,0.9953554586640753
568,0.5027203613181018
569,0.999995023404578
570,2.930917742305698e-08
571,0.9999712267494485
572,0.9999960125966181
573,0.9998446894099301
574,0.9841231238776627
575,0.9832732197571903
576,0.9963014930302878
577,2.756860654245946e-05
578,0.9995821708823198
579,0.9533278368051957
580,1.0097417927742518e-05
581,8.390159803263662e-05
582,0.9992795421907417
583,0.9999949296427469
584,0.9999998464765478
585,0.9999990393435363
586,3.003455485363598e-05
587,2.5503723579962213e-05
588,0.9998314016223034
589,2.472211298636982e-06
590,0.9999997936229306
591,0.9996451000439679
592,0.682838211197385
593,0.9999546776436287
594,0.00022510760993248456
595,0.999320862089174
596,0.997451576818139
597,0.9989232153392892
598,0.00014659855715373808
599,8.972604476937526e-05
600,0.004285697504739881
601,0.00027294309459457424
602,0.0014274518362182348
603,0.9999783411893154
604,0.9998553174510088
605,0.9512771675145939
606,8.577966204346603e-07
607,1.785580562775229e-07
608,9.905270591200631e-08
609,5.110423683687276e-08
610,1.4542454971941977e-06
611,5.712980777073324e-10
612,4.953176545560721e-07
613,4.9964729255417516e-06
614,3.7250346913276396e-05
615,0.9999230076004203
616,0.0001868876273007516
617,7.779404360569211e-06
618,0.0016494817002401675
619,0.9986119538251691
620,5.0399007932506306e-05
621,0.8273331108544627
622,0.11786955911994529
623,0.0036356378154283244
624,0.00030245883029278995
625,0.9984199231950053
626,0.9999629402731187
627,0.9999998774099946
628,0.9999991957702805
629,0.0021039972553621566
630,0.9978916433675391
631,0.013644297770513526
632,0.9502595530195572
633,0.9303273589464977
634,0.015668582369059145
635,0.9979129038921247
636,0.9994858027119273
637,0.9994849371146177
638,0.9999154960721818
639,2.1564423559340713e-06
640,4.423864552555495e-07
641,0.9980818015120896
642,0.9999899737763834
643,0.9999953133255154
644,0.024378590780730666
645,0.99747678124018
646,0.00015430284721746943
647,0.9998795018272962
648,2.9382104101880684e-06
649,0.9823236482738239
650,3.1897365588792964e-06
651,3.168798986964634e-07
652,0.9960353707199858
653,0.999841440272868
654,1.16465931401781e-05
655,2.7597904818091336e-05
656,0.00011016134585162093
657,7.48760651566104e-09
658,0.9997668017453838
659,0.998258829594434
660,0.9695992967368146
661,2.763709248947708e-07
662,0.9998275501271513
663,0.0038341031423779
664,0.0035113606525729113
665,0.9989109845468938
666,0.017601665899865816
667,8.501095107204721e-05
668,0.999461778637652
669,0.9996116103346309
670,1.830209086393568e-05
671,0.00020689856401607477
672,8.631666706586693e-06
673,0.9948246277050681
674,3.1409023151150814e-09
675,2.4450283387574745e-09
676,0.9985643319444124
677,5.24432895420775e-11
678,1.05314623855436e-08
679,0.010859663051469076
680,0.815344182196263
681,0.9992074728605304
682,0.00016006979277593695
683,0.9997020795788694
684,1.1181733832987587e-06
685,0.9999890056550463
686,0.9987775647472882
687,0.9999253118729092
688,0.999958001357562
689,1.7462058864397856e-05
690,0.9999886588855477
691,0.004976060541058019
692,0.999043639002033
693,0.01601573730361787
694,6.967766939379665e-09
695,0.9999999535468213
696,0.9991830503585934
697,0.000575530627770847
698,0.999641319713439
699,0.9952506926523974
700,0.9979843254982724
701,0.0003576748056010215
702,0.0070639248389612885
703,0.11318531754267593
704,0.9904723096916296
705,0.0008202181729530047
706,0.9997071737625414
707,0.9936371190618187
708,0.9999797993471354
709,0.9925171772511461
710,0.9999999474166344
711,0.0005635752501302299
712,0.0015717822129985507
713,0.999974667428713
714,0.00024147669765792475
715,0.9932652368324132
716,0.9972485981292156
717,0.9998577554531458
718,0.018613861979765188
719,1.5405028229421126e-05
720,0.9988711154861626
721,0.9999615927150245
722,0.0006017052428004822
723,0.999978810834463
724,3.7305102472947307e-06
725,5.61527654888474e-05
726,0.00022589738788617982
727,0.9958116556758778
728,0.06778906384436048
729,0.912077308315384
730,1.2867325174306714e-08
731,0.9999959573340783
732,0.9721725272799601
733,8.325913589960968e-05
734,3.503725098562904e-08
735,0.9999496184668593
736,3.4701836545512426e-05
737,1.1425752324655776e-05
738,4.910622506012483e-06
739,2.6818929901264297e-06
740,1.8214437004879582e-09
741,0.999994707283682
742,0.2434514398891304
743,0.9835199029187858
744,0.9997885269166366
745,4.065301351939803e-06
746,1.6119667924326865e-10
747,0.9997877911198264
748,0.9999762400690271
749,0.13554730797872602
750,0.000743608695075848
751,1.4596009098446659e-08
752,0.9998780417315869
753,0.9999984009289902
754,4.639054740257623e-09
755,0.9586482740938161
756,0.0007066261506627423
757,0.9994447860653921
758,0.997800456897605
759,0.019027540661759317
760,0.9999850533358475
761,0.8095895770917422
762,0.0011913250256264335
763,0.0004538314071237641
764,0.9996747104997175
765,8.88016949965593e-05
766,1.3069228877163302e-05
767,1.2770769756959689e-05
768,0.9991553020256971
769,1.7564011754728125e-05
770,7.576228097285132e-05
771,7.647703426839053e-07
772,0.0003594878696002974
773,0.41756221670241195
774,0.993091489893138
775,0.9999998552908943
776,0.999657921866422
777,0.0005159796974601255
778,0.9998182810570772
779,0.9922314407809129
780,0.019044717340630516
781,0.999997080777532
782,0.000668402496263992
783,0.998124716615299
784,0.9998640488034145
785,0.5873065040407511
786,1.0564953820961555e-06
787,0.000136821767165989
788,0.9998425283387068
789,1.3085683432209794e-06
790,0.9997588055022931
791,0.9991053076577583
792,0.17343406881153392
793,0.9999960330843873
794,3.95190284155296e-08
795,0.0001482975225737477
796,0.9999818362552026
797,2.120790348971433e-06
798,3.4826523765193745e-07
799,0.9935937720129492
800,0.9973658976437715
801,4.4860929218659465e-09
802,0.0003540722829371872
803,0.7395397645268857
804,0.9994812422061551
805,0.27670718352108997
806,0.0014858148617559093
807,0.005070135042530037
808,0.9997606094015091
809,0.9999857211366859
810,0.9999256137712184
811,0.9999099307635109
812,5.98066193849812e-07
813,0.020116495496569964
814,0.011373096829576716
815,4.351956905942997e-09
816,0.9881276877340551
817,0.9997644422466786
818,0.0005715763870336928
819,0.0031419636339692926
820,0.998682049647151
821,0.9997540865310758
822,0.058700008730365
823,4.903676346301916e-07
824,1.3138556016225409e-05
825,0.0003150065350594141
826,0.9999982722751414
827,0.9967139044245606
828,0.988709955525595
829,7.337767464925971e-12
830,0.0030821644433159027
831,0.8878612734900313
832,0.22316576455952378
833,0.9644560424457587
834,0.9999482422193164
835,0.9999394988619161
836,0.9999999369130979
837,0.997615589667646
838,2.5588079572517456e-07
839,0.007227476537387978
840,0.9999840656737212
841,5.0829354253595885e-06
842,3.898189797713322e-08
843,0.9999987305341429
844,0.9987685846752388
845,2.063930002721115e-06
846,1.3447960655208774e-06
847,0.9902220304817568
848,0.00797770160914007
849,5.589255980452269e-10
850,0.031596762242415574
851,0.021632484368397244
852,0.9995593915660417
853,0.8940587241040012
854,1.9688264468290137e-06
855,2.0185702694150348e-06
856,0.11577668750087719
857,2.1421073892148636e-05
858,0.040109569526169925
859,0.9913601910529029
860,0.9988422700152733
861,0.9493274482674791
862,1.6055104004896348e-05
863,8.74403507260373e-05
864,0.0004210097366786162
865,4.051419200068051e-05
866,0.0007807452491286447
867,0.9996402539703608
868,0.011295926610601399
869,0.998521943614058
870,0.03656677554220917
871,0.997971994264686
872,0.9999844734776598
873,0.9999388466648916
874,1.4934488919277162e-06
875,3.580522935530566e-09
876,0.9999999534354205
877,0.9992897728087705
878,0.0005450384532566621
879,0.9995176548147413
880,0.004098687729791183
881,1.344148094737513e-05
882,0.9999998466759255
883,0.9999998247137077
884,0.9944688180036421
885,0.5392752098676329
886,0.9999976034422428
887,0.00029230590252665137
888,0.9872467935937543
889,0.9997812335597879
890,0.9981893152030383
891,0.9999284677175877
892,3.144564905982613e-08
893,0.9999833497296297
894,0.8997108078206871
895,0.9998324493393632
896,0.023270758431353494
897,2.9743114651493936e-08
898,0.0027439758661735414
899,0.00020495506915726161
900,0.9999871448167599
901,6.122367381840049e-06
902,0.980826361034927
903,3.284025099112878e-05
904,0.01640957225303463
905,0.9570913552929812
906,0.915306444918275
907,0.08333425299603452
908,0.9997493463215945
909,6.610561574436773e-06
910,0.009219015762971431
911,0.9999695503728533
912,0.999624538710269
913,0.00016832365265562985
914,0.0011141111022807775
915,2.1897782792687367e-05
916,0.9999485769863677
917,0.9907350308778341
918,1.94532040219341e-06
919,0.9790208035732199
920,1.7569488678060864e-05
921,2.5014981556633964e-05
922,0.9992746695578965
923,4.346261480894684e-09
924,0.9999697494640514
925,0.9999988768756649
926,0.9999941900431347
927,0.01725998302100214
928,0.9427067162306015
929,1.5305741938944357e-05
930,0.9999556002457721
931,0.00013891531658511504
932,6.954563646889942e-10
933,0.9986538394897033
934,9.374346484357615e-10
935,0.0014038141476270126
936,0.9998717068994971
937,0.9999999978803691
938,0.0018195032665643935
939,0.999932929852068
940,0.9999224838388302
941,0.9913632230921076
942,0.0014549022760508912
943,0.9997457917196129
944,0.9999739778311799
945,0.9998264915532242
946,0.9973664564620804
947,0.08533131006254972
948,0.936507467738391
949,0.9995098547664709
950,0.006557444365902434
951,0.9987086217662904
952,0.9973566794925719
953,0.99863229490119
954,0.9992819492244749
955,0.0032133420572122346
956,1.1084258927252065e-05
957,0.9842216691727852
958,0.9970153445004686
959,0.9996265028258344
960,3.927357065323418e-06
961,0.9999925196064355
962,0.9999986108843598
963,0.9996109315149795
964,0.9516670389331107
965,0.003168329221999035
966,0.0184329251846106
967,0.0002588173292567422
968,0.0020012075076827995
969,0.5766138415336121
970,0.41441999048207984
971,0.999997222544063
972,2.3653410647937203e-05
973,0.9643768371982399
974,1.8058553140733982e-09
975,0.017546704615058237
976,7.64710452239915e-06
977,0.0018152039121774807
978,0.0050504468006540865
979,0.998747862793405
980,0.9992689957846026
981,0.9799984134344882
982,0.9999506855361909
983,0.01400013232412705
984,0.00019319118335846852
985,0.9996648844190741
986,0.9585873997994114
987,0.08842254093968895
988,0.9912920727266537
989,0.9999999729920511
990,3.0248508360372512e-06
991,0.9999652429406005
992,0.9919349171512736
993,0.20425644517060013
994,0.9999993815315761
995,0.00023038459457804336
996,0.9971230739760821
997,4.7091137166646224e-06
998,0.9985792764155804
999,4.499304601540909e-09
1000,0.0008336070243850584
1001,3.5317439018431587e-07
1002,9.193158854399146e-06
1003,0.41554498696294917
1004,0.3825924566465769
1005,0.4329807781774607
1006,8.186929671901512e-06
1007,0.00021075626188369378
1008,0.9977928336338742
1009,0.0233919667820148
1010,0.0002655152690130291
1011,0.9994663013600181
1012,6.108772448774098e-06
1013,3.283623489025958e-09
1014,0.00335477683308067
1015,0.00034046369434616243
1016,0.9999956725656569
1017,0.999530918643397
1018,6.855918491587226e-07
1019,0.9967214896635656
1020,0.9998239211336387
1021,0.9999999970072744
1022,0.0014783803581773212
1023,0.9999771412108733
1024,1.1294030168382723e-12
1025,0.00025200615811970574
1026,4.688984128772293e-06
1027,0.00042574004757275506
1028,0.9999336046962877
1029,2.9946034415251225e-06
1030,0.0047270320496763905
1031,6.674775090831235e-05
1032,0.9955415082113559
1033,0.9981767178475062
1034,0.9994935803019775
1035,0.9965580546078723
1036,0.013861985544628832
1037,0.9998152565840338
1038,0.9989797256642393
1039,0.9971033608330981
1040,0.059090747035886564
1041,0.9994319360993106
1042,0.9845608518598028
1043,0.9202772216923221
1044,0.999956712603158
1045,0.9742496234339604
1046,0.9998333203262411
1047,3.404571389300494e-05
1048,0.00034825924006474387
1049,0.9973449158601341
1050,0.9889688883357224
1051,3.8002747413960976e-07
1052,0.8870281988493907
1053,0.9994349430746493
1054,0.0013305213497628757
1055,0.0008162225528330369
1056,0.9996923408612068
1057,0.9779511707598272
1058,0.9717910090531515
1059,0.9841288566173745
1060,0.993598280891257
1061,3.8211498871186064e-05
1062,0.9668525397845915
1063,0.0014843550359669412
1064,5.3998248654856464e-05
1065,0.9970879413695185
1066,0.007947290211888624
1067,0.3793923699012715
1068,9.511963521116065e-06
1069,0.9975902694265312
1070,0.8421204841691005
1071,0.992640201770676
1072,3.550862486969047e-05
1073,0.9740781949673977
1074,0.0029089512873934
1075,0.9941691256090474
1076,0.009681986460640923
1077,0.9941181545736467
1078,1.7928979245929704e-05
1079,0.9999999910045644
1080,4.446228309922276e-07
1081,0.9999872101187437
1082,0.9998525500229105
1083,0.9998626640756669
1084,0.817865094640717
1085,0.9890038480686643
1086,1.2082307413898104e-06
1087,3.896021088500579e-05
1088,0.9999999739171621
1089,3.820609932526198e-07
1090,0.9455632089510527
1091,0.9961840878974481
1092,3.9621561521474404e-05
1093,3.86569049605426e-06
1094,9.484861987571158e-07
1095,0.0246195957584172
1096,0.9999475816065377
1097,0.0017351164475356766
1098,0.9999252837302604
1099,0.5264195354112149
1100,0.9788342396490531
1101,0.9992479613897794
1102,4.770999496442987e-06
1103,1.386340525444203e-05
1104,4.708279964753879e-05
1105,0.9974646479286752
1106,0.9999999892923476
1107,0.15594243404252997
1108,0.0004492997555846714
1109,0.9998794882559934
1110,9.578531188556117e-06
1111,1.2668094754685105e-06
1112,0.9999518680713091
1113,0.9894772377927654
1114,0.006006195017805687
1115,0.000598616927200562
1116,1.1202802249798413e-05
1117,2.3433645146726322e-05
1118,0.998182523154704
1119,0.9997207225225536
1120,0.9787695046860563
1121,0.0009093015839148305
1122,0.9998483382575666
1123,4.0479979872512355e-06
1124,0.05805515101545881
1125,0.039295664043145946
1126,0.9999466503776853
1127,0.9983273111367459
1128,0.00023561119091440515
1129,0.9955859028577155
1130,0.9999481803122428
1131,1.1523269433265627e-08
1132,6.953446556213754e-05
1133,0.0043951445263084215
1134,0.8268738407222089
1135,8.254224065008595e-06
1136,0.9999310712602106
1137,0.9880821779382101
1138,0.9995187781764874
1139,0.9800422862906911
1140,1.2204073397115378e-05
1141,5.1514784898034413e-05
1142,0.9997773283544594
1143,0.9985280107324125
1144,0.020748748445865866
1145,0.9988529489197971
1146,0.9984621588390058
1147,0.00027083949819458795
1148,7.278454266582823e-09
1149,0.9999955252329412
1150,0.9967870305192589
1151,0.9970224336369281
1152,0.999938551393167
1153,0.9996710711214165
1154,0.9999722677178453
1155,0.19494287088470078
1156,0.9999999945773712
1157,0.9996077969928204
1158,1.4813151041836282e-05
1159,0.9999900186266543
1160,0.9999960982192758
1161,0.2620398804109916
1162,0.9991631398623959
1163,0.9999999884967675
1164,7.662950350846327e-09
1165,0.972403376588227
1166,0.1954497846087977
1167,0.9996580006116385
1168,0.9996267696433538
1169,0.006225734917946938
1170,0.00019629721600038387
1171,0.0005999063693040527
1172,0.9999999094114875
1173,0.0005354595992971129
1174,0.13647882926898383
1175,0.9999988585327046
1176,0.5739846444502635
1177,0.9999016879181727
1178,0.9987103531136687
1179,0.9999680511539418
1180,0.9936232859791109
1181,0.9998337631324092
1182,3.6030827546289495e-07
1183,0.9997034931879575
1184,0.9999999339579321
1185,1.5017544048048515e-06
1186,0.9995872575342162
1187,0.9980275378918558
1188,0.9320424343373412
1189,0.01785167166979758
1190,5.998270724062792e-08
1191,0.00025818424326280243
1192,0.9992528303146112
1193,0.0005896036957831512
1194,2.151912370915209e-07
1195,0.001369163832377276
1196,0.9998509719064836
1197,0.9999646369337755
1198,0.00012129995404850352
1199,0.8550091995915334
1200,0.9999565660744364
1201,0.9986545179309909
1202,1.4717934344260327e-07
1203,0.01934817119262848
1204,0.9439181833116135
1205,0.9998337350302713
1206,0.014413068816279122
1207,0.00018116389584049746
1208,0.9999110052944276
1209,0.9999866106712402
1210,0.012957537832519066
1211,0.004820266490266393
1212,0.00012193034666925142
1213,0.9995463994345194
1214,0.9999437997092786
1215,0.99867018386733
1216,0.853040226049221
1217,0.0015179124348741883
1218,7.368518516764432e-08
1219,0.9999977994249125
1220,0.00030037789417025114
1221,1.0793490394499299e-05
1222,0.9998732711539482
1223,0.9997865357502246
1224,5.039459367965024e-05
1225,1.8725898047717097e-05
1226,0.9999245245543025
1227,8.369738332912276e-06
1228,1.2391488086820066e-05
1229,0.9999998767754564
1230,0.9998091851281541
1231,3.587380176791248e-08
1232,0.9769125284655225
1233,3.8255167590841947e-07
1234,0.996031505345374
1235,1.1259754943958472e-06
1236,0.9996495762731601
1237,0.998162860089396
1238,0.9998755539732508
1239,0.9973663666424712
1240,0.0011726933155530134
1241,0.9999223412566507
1242,0.9999999937372581
1243,3.867898940724938e-06
1244,0.0009864090050808203
1245,0.9649922967856862
1246,0.9999999823911473
1247,0.9723029668298214
1248,0.9979567762122613
1249,0.9998663235975009
1250,0.9431630874580159
1251,0.2914142594798744
1252,0.006194757542695352
1253,1.023074189676491e-07
1254,0.9996734696163847
1255,0.7860235031812322
1256,0.9946610475154545
1257,0.999931453788579
1258,0.9984703554160773
1259,0.9999988223508895
1260,0.9874912643202474
1261,0.999999995284045
1262,0.9930082331347042
1263,0.0004973114830608387
1264,3.103008564980903e-06
1265,0.9997104571954524
1266,0.03335086848631762
1267,0.9992620569741621
1268,5.250693096250338e-07
1269,1.0244640763508442e-06
1270,0.07116289513093835
1271,0.9964305670141076
1272,2.2950640327198342e-06
1273,2.419960138627165e-05
1274,6.275194121543656e-08
1275,0.9993417688213727
1276,0.9999910108128456
1277,0.9999325016202643
1278,0.9999995045891422
1279,0.0012742034698089678
1280,1.2078332963061953e-07
1281,0.09215365816670659
1282,0.9999698960266833
1283,3.0022939686809117e-05
1284,0.2494765116169011
1285,0.9999446434334729
1286,0.99998406549122
1287,0.003958549821745139
1288,1.133471339055677e-09
1289,0.0003802909883171515
1290,0.9999999460990046
1291,0.9817459614272959
1292,6.456221937524166e-05
1293,0.9999949570059499
1294,0.9999999056906577
1295,0.9999931377680815
1296,0.999999899702754
1297,3.192939076182065e-05
1298,0.9998585312669629
1299,0.9994176372766236
1300,0.9960461417434118
1301,0.014672682730011035
1302,0.8503843239427689
1303,0.9999998163463237
1304,0.0010590468979392953
1305,0.008969869286247838
1306,0.01824474977963654
1307,0.0003287349055409924
1308,9.884508927581761e-05
1309,0.9999496583454548
1310,0.9949266497521201
1311,0.9997356953484782
1312,0.00048406384597824564
1313,0.9458464524098367
1314,0.9999963184424182
1315,1.6412888475742273e-06
1316,0.0019197965110994814
1317,0.9999376408616368
1318,0.017537078038481833
1319,0.9999997813775839
1320,0.0003315761333935134
1321,0.032389994486997815
1322,0.0008457241282974524
1323,0.9959875012248168
1324,0.0001775348706769102
1325,0.9999968821255655
1326,0.003520385523608364
1327,6.940479505485074e-13
1328,0.0013892937493547588
1329,0.9999995485925609
1330,0.9951440133080394
1331,0.0002281371847906032
1332,3.4461776671414647e-07
1333,0.001003152406838369
1334,0.00017310569281616452
1335,4.445126479992272e-05
1336,0.09289358470131458
1337,0.00013206055298815188
1338,0.9999305350411721
1339,0.9999962784671237
1340,1.3114843726614884e-05
1341,3.560826602449499e-07
1342,0.999865809825406
1343,0.999999961405274
1344,0.0028973996195596594
1345,3.3350741584661353e-07
1346,0.9999848788561883
1347,0.9933258365216872
1348,2.377747613816118e-11
1349,0.9977410790184216
1350,0.9997509132659138
1351,0.9999896868001863
1352,0.0011125079407337394
1353,4.1916968051687715e-06
1354,5.850675731161801e-10
1355,0.00012051290452058745
1356,0.9999138785724228
1357,2.7686689913388307e-09
1358,8.749013432961704e-10
1359,0.9992199921786061
1360,0.999972833324356
1361,0.9892912441680046
1362,0.9998698461190498
1363,0.00011961646110797102
1364,5.862361348698685e-06
1365,0.6835636672274494
1366,0.9999996892181309
1367,0.9995796129431631
1368,2.517672680107505e-07
1369,1.0784310397006942e-07
1370,0.00020885380836753892
1371,8.40571085072252e-05
1372,0.9999996556276316
1373,0.00038475915383757753
1374,4.128435500215917e-06
1375,0.005204430296238705
1376,0.9968007013201159
1377,0.99999999995392
1378,0.01978887425910099
1379,1.8387458444234636e-07
1380,0.001622479292200586
1381,0.9999403208312496
1382,0.9995169227723971
1383,0.9998265229527529
1384,5.61830172292936e-06
1385,0.999913844339646
1386,1.5916565331571269e-06
1387,0.0027002221329699605
1388,2.9971073816188334e-06
1389,0.0001614233433235537
1390,0.000190708814959408
1391,0.999096802269893
1392,0.9995982538912762
1393,3.8243731092560444e-06
1394,0.9983509099513327
1395,0.001844138203115427
1396,0.9980282750985594
1397,0.9997743021332545
1398,0.9977523035879459
1399,0.9956333187017655
1400,2.9007347997994383e-06
1401,0.999831930590286
1402,0.9999840468564436
1403,0.9996719066963964
1404,5.038786467591602e-06
1405,0.9890707127370295
1406,0.9948355561132869
1407,0.999794394018894
1408,0.33682614451367654
1409,8.873789513109106e-06
1410,0.0033092772278507073
1411,0.9998534399289178
1412,0.14950879676603393
1413,0.9995295825985128
1414,0.0032579204250177025
1415,0.05002803149521987
1416,0.9999438457202258
1417,0.9963680210869421
1418,0.35939509785251084
1419,0.9999454285861313
1420,0.0002877381781270403
1421,0.04821918245374166
1422,5.573967518802539e-06
1423,0.023690555739054667
1424,0.999991527937835
1425,2.638244845026323e-07
1426,0.9998553287613615
1427,0.9867575117793191
1428,5.738216696317088e-09
1429,0.9999990330885121
1430,5.596035217389235e-05
1431,0.9998196192437885
1432,0.0019760138023866953
1433,0.9938959295507017
1434,4.827690017569906e-06
1435,0.0011403829112477224
1436,0.9928650299075688
1437,3.1749223749836424e-06
1438,0.9984770867373814
1439,0.9999618556768207
1440,1.0645844090927582e-06
1441,0.9999321675283598
1442,8.906641927487025e-05
1443,0.0012647541114531697
1444,5.977882119725697e-08
1445,0.4301249070706658
1446,0.991071046209668
1447,0.0019714590265349635
1448,1.93716072400161e-06
1449,1.0777884587755266e-06
1450,0.9948183628178655
1451,1.8636081299138002e-08
1452,9.200354879730692e-07
1453,0.9959641222368757
1454,0.9996173627683043
1455,3.276887691891699e-11
1456,0.007591010555630955
1457,3.7783118780785426e-05
1458,7.418461157370591e-11
1459,6.573029629033874e-09
1460,0.0033459057796579165
1461,3.54124272527854e-10
1462,1.9874632683990772e-06
1463,0.9959866460700172
1464,0.9999348855418949
1465,0.9983604511482317
1466,5.469947596188108e-05
1467,0.008808018276274471
1468,0.020944493362917645
1469,0.9978695250906504
1470,0.999842440417347
1471,0.9996225464352939
1472,0.9999998595578841
1473,6.960545444468723e-05
1474,0.9999999710625012
1475,0.9994160709162728
1476,2.412738470500009e-05
1477,0.005488250713493421
1478,6.8003908886816135e-06
1479,0.9998641310266562
1480,0.9993097668579047
1481,0.9995783552446632
1482,0.00988071668811853
1483,0.9999980629133423
1484,0.009126781696732042
1485,6.97257503672645e-05
1486,0.9999804603179918
1487,0.7282682010931067
1488,0.9999279348292652
1489,0.03176691274382994
1490,4.710110621292581e-07
1491,0.0002765681152426339
1492,0.9999990109444178
1493,0.9999511526595914
1494,0.00012404722914282352
1495,0.9999950600716875
1496,1.3416191182401483e-05
1497,0.9971093997029516
1498,0.999864932805559
1499,0.0008330139592224296
1500,0.999999798272435
1501,0.16938252388884714
1502,0.9899723316460879
1503,0.00998487237623742
1504,0.9986246389252368
1505,0.0005826291044716577
1506,1.556030066417671e-07
1507,0.97139628882749
1508,0.26229732033659114
1509,3.3713354014212464e-08
1510,0.9992609110233185
1511,2.9557329974529775e-05
1512,0.999395088954594
1513,2.0031467619476037e-07
1514,1.2812523900144106e-08
1515,0.9976868202360353
1516,0.18665874777474195
1517,1.6039626142288553e-11
1518,0.35682367497110384
1519,0.9999996580934797
1520,0.9999984143411395
1521,0.9934494186284735
1522,0.0037334194773393304
1523,0.00028090062609416495
1524,0.9862311312170516
1525,0.9997658823237754
1526,0.9628990571194709
1527,0.02548171762083538
1528,0.9996714775278085
1529,0.000512304691144861
1530,0.9891177388614492
1531,0.001128537627189248
1532,0.0023040817605867034
1533,9.619115992127765e-05
1534,0.9995930974879853
1535,0.9955327889720693
1536,0.9999931440718935
1537,0.9999629481319172
1538,0.0006856472124226453
1539,1.667823456314524e-05
1540,0.9984843495985241
1541,0.0025001847781153043
1542,0.014773904826805212
1543,0.02118182243477236
1544,0.9999950985764066
1545,0.9999947132712887
1546,0.9791538842990739
1547,0.0003425938679788008
1548,0.9999900848398038
1549,0.9993784634968514
1550,0.9999846926844731
1551,0.9998858811929698
1552,0.9852810280656759
1553,0.9858429301406594
1554,5.443994384193906e-07
1555,0.0017364166860079468
1556,5.375834227035178e-05
1557,0.004379951418528957
1558,0.9999754333213169
1559,7.689889747138794e-07
1560,4.527286765080604e-09
1561,0.9993552043709956
1562,0.9963657820674102
1563,0.9952208489861285
1564,0.8330826034487239
1565,0.9879490517471121
1566,0.9882524979379191
1567,0.9993204476572988
1568,4.4086205643081804e-07
1569,0.041085382207724654
1570,0.9960488363873864
1571,0.9998120747634508
1572,9.66908361749896e-05
1573,0.21423351484002232
1574,1.3390996687302587e-08
1575,0.999999784631656
1576,1.704054342149101e-09
1577,0.9922038592348046
1578,0.9999701683977071
1579,0.0002671243253952908
1580,0.02067814956524417
1581,0.9999866029119735
1582,0.009011477637131265
1583,0.9993038321349277
1584,0.9760912776399722
1585,0.34165990715009603
1586,1.6938862298257677e-06
1587,0.0037979246449644367
1588,0.9999767963148529
1589,0.8359445332644707
1590,0.980849207336047
1591,0.9445237208407988
1592,8.852182340233281e-05
1593,0.9960662076461544
1594,1.1664957827205527e-05
1595,0.0034713879446590847
1596,0.005507494342258405
1597,0.3530777725367088
1598,0.0001318247668605587
1599,0.0001281404954968518
1600,0.9823886806979669
1601,0.005773169847332328
1602,0.9993828939233176
1603,7.70311642423442e-05
1604,0.045241695637721145
1605,0.9999776420155607
1606,5.8213282934397434e-05
1607,4.0772140244942216e-08
1608,8.002552420275981e-07
1609,0.9997166905834671
1610,0.9935259752520472
1611,0.9998759120712203
1612,1.7732577938501717e-08
1613,0.9984089766544888
1614,0.9995159124119815
1615,0.0003415029269057719
1616,0.15921212321237946
1617,0.002354116904836855
1618,0.0006432551730179779
1619,0.7647421509867235
1620,0.01722689743196897
1621,2.30620379136316e-06
1622,0.811867679518972
1623,0.9999999930848258
1624,0.9999999735868135
1625,6.07475855113782e-09
1626,0.9994904808653761
1627,0.017239070916910113
1628,1.3215603907478688e-05
1629,0.9999168190506731
1630,0.9999984537361155
1631,0.9998543576091429
1632,0.0004960644581604577
1633,1.7846901272603852e-06
1634,0.007427276612514595
1635,0.0013098978479441224
1636,0.8925315721296786
1637,0.895123065489768
1638,0.9986570184415602
1639,0.9972938935365763
1640,0.9999545984416014
1641,0.00012509197339870826
1642,0.5431016226461651
1643,0.9995555017306008
1644,0.9999633796120255
1645,2.1153004896619774e-08
1646,0.9871259472249829
1647,0.9997882293872257
1648,0.9999622517748218
1649,0.9999800104773795
1650,8.77798079084056e-05
1651,0.9702602597469445
1652,0.0002548658943058237
1653,0.005716323698967175
1654,0.016455550251020724
1655,0.1266125613479961
1656,9.061448884599833e-08
1657,0.9999941016928254
1658,0.9999490530548594
1659,0.00043794832585467865
1660,0.8208182032423602
1661,0.990120197131986
1662,0.9950628833165627
1663,3.857634578596802e-07
1664,0.0004033523033025157
1665,0.001043992068804078
1666,0.9600656496988168
1667,0.9980246929281058
1668,0.0003207809921946252
1669,0.0003405942709167507
1670,6.27844987489422e-07
1671,0.9999998980222153
1672,1.214373861413801e-07
1673,0.9998902101114719
1674,0.9999985002099315
1675,0.019006654434635898
1676,1.0483974518489228e-06
1677,0.998982977091735
1678,0.9244999675217594
1679,0.029012188305716776
1680,0.0013384438739861221
1681,4.519706711316269e-11
1682,0.9984173069208331
1683,4.81975246021287e-07
1684,0.999076633196397
1685,0.0003410285887684486
1686,0.9999651140456742
1687,0.9877089264734046
1688,0.9963621389311282
1689,0.9994628690940421
1690,0.9996003626523706
1691,0.0028929626038257305
1692,5.6663215903014667e-08
1693,0.9999991630344047
1694,3.520376574935028e-05
1695,0.988195334209262
1696,0.9918995099363891
1697,0.8540515499038409
1698,8.265405995573638e-05
1699,0.005794461954486079
1700,0.9993330832906514
1701,0.9952683213321394
1702,2.5782848589434996e-08
1703,0.9925414846840046
1704,0.9968496403288357
1705,3.9213100036527706e-07
1706,0.9968916010589323
1707,0.0005317986152233915
1708,0.9435854611549835
1709,0.9996097030073547
1710,0.9258016612584424
1711,0.9999999407899522
1712,0.0017465598340340757
1713,7.303576432982069e-05
1714,0.8938605388677433
1715,0.9996454708558697
1716,6.020499810414933e-06
1717,8.950298581170726e-06
1718,2.1406732436213471e-07
1719,1.8644944032437795e-06
1720,0.9962955303037705
1721,0.00026362337384777256
1722,0.9983960704932747
1723,0.9999874104953927
1724,0.9999574746758427
1725,3.2337147100589737e-06
1726,0.9995761538610449
1727,0.9999996933262333
1728,0.0014637763793869682
1729,0.00024083271325208244
1730,0.9821365247437577
1731,0.9988495569039323
1732,0.9999923215805826
1733,7.208116227984052e-08
1734,8.32916874480913e-05
1735,0.9997422261144785
1736,0.1647142427960927
1737,0.0772918405431907
1738,0.003122230798952439
1739,0.9980664432553573
1740,0.9999999132409108
1741,0.698456593243204
1742,0.9999999549010679
1743,7.84714880315284e-05
1744,4.0649732921550236e-05
1745,0.9813542940734655
1746,0.9998652553989732
1747,0.27389052059302593
1748,1.4943717057354409e-05
1749,0.9571063973792593
1750,0.9978807371466044
1751,0.00030182488258807713
1752,0.9932901921624985
1753,8.664134922421282e-05
1754,0.0001663622571433412
1755,0.9996399870619613
1756,0.9999578313714781
1757,0.0005476836882528535
1758,0.9839232726954914
1759,0.00020337311522200608
1760,0.9958711728770956
1761,0.00024296971819741126
1762,1.4737060704816114e-05
1763,0.999098880040864
1764,0.9989537600405672
1765,0.9999619676556168
1766,0.9999981968254272
1767,5.896998855417568e-05
1768,5.893368515499265e-05
1769,0.9996703999409968
1770,0.00033598847311393855
1771,0.7482114737943142
1772,0.9999496912197277
1773,0.0009185842157235274
1774,8.723649365343103e-06
1775,0.5970947136846265
1776,0.9463743335826535
1777,2.6890981641526454e-06
1778,0.00010058778960743597
1779,7.482181844812875e-07
1780,8.174582073380181e-08
1781,0.030184813721299737
1782,2.528922690829488e-05
1783,0.3368142593996202
1784,8.14687190492328e-05
1785,7.761056420928348e-06
1786,7.488727834883938e-07
1787,0.992194805663185
1788,5.792708005973054e-05
1789,0.9999999756598029
1790,0.6711538383214668
1791,0.00011444703193384509
1792,0.9623151021027154
1793,0.9978972008864329
1794,0.999913837727754
1795,0.9998445956692432
1796,0.0001468928168341189
1797,8.019489306398452e-10
1798,0.001552679653742162
1799,0.987924531191127
1800,5.087753900830606e-05
1801,0.9998561835537458
1802,0.9999951610107523
1803,1.1109801166731103e-06
1804,0.00010582900705519541
1805,0.016614139149979727
1806,0.00048200264003524614
1807,0.9999320285563259
1808,5.18324776312799e-07
1809,3.957229707978225e-05
1810,0.0007580626083757574
1811,1.5889868767624542e-06
1812,0.999989542648709
1813,0.0005187841538623463
1814,3.862751639095449e-06
1815,0.0010944743419910147
1816,0.0031274030551261996
1817,0.895834591923884
1818,0.9999520297821604
1819,0.9999794600704666
1820,7.491705318902775e-09
1821,0.9999996554916851
1822,0.9953263448166233
1823,0.1245730387551735
1824,0.0013958364539792922
1825,4.2646569819912024e-05
1826,0.001094736860533704
1827,6.271355516923366e-07
1828,0.0029832963074832497
1829,0.9984966934719798
1830,0.9676084239773419
1831,0.99670319281755
1832,0.9999997367973039
1833,0.9819396148664605
1834,0.9725645105293637
1835,0.9914180802316191
1836,1.3521923590363507e-08
1837,0.0008295225078984495
1838,1.727133619965957e-09
1839,7.283887785224648e-11
1840,4.15265920433157e-09
1841,1.1498657322285845e-05
1842,0.9999941891375062
1843,0.9528585414885694
1844,0.9960124227664726
1845,0.0039003333180705362
1846,2.6206742397245576e-08
1847,0.9996670004150934
1848,2.204987002572989e-06
1849,0.9482582517253034
1850,0.997461634664694
1851,0.9998335785848121
1852,1.2396847814241642e-06
1853,0.9573366135399844
1854,1.7766268917672533e-09
1855,0.9976647371166453
1856,0.09208173841580636
1857,5.665169570117529e-06
1858,0.9998111326773146
1859,0.00010967315572815335
1860,0.00899528281923726
1861,0.9990777347304932
1862,0.0042279909637368395
1863,0.214874215630937
1864,1.0770605882341838e-07
1865,0.22482883396435324
1866,0.9998511870179636
1867,0.9244082842352663
1868,0.0004688734304719786
1869,0.9999971435067235
1870,0.004608246941075254
1871,0.9999979511549577
1872,0.0010045486006458656
1873,5.191166012017041e-05
1874,0.0008089272040346567
1875,0.9903988659555601
1876,9.518710021233952e-05
1877,0.0008530172108440958
1878,7.933073241812111e-09
1879,0.0008658612437294702
1880,0.030454036646431554
1881,0.9993444359609598
1882,0.0003593817337597375
1883,0.00014938022523641357
1884,8.251933282238409e-05
1885,0.05049713150580535
1886,0.9998327833164822
1887,4.486264068230881e-05
1888,0.00016055301451032338
1889,0.5122508319357537
1890,0.9998265782320499
1891,7.39015770381852e-07
1892,0.9999509387777061
1893,0.029112447295762973
1894,0.9999699599254066
1895,5.609792158486568e-10
1896,1.5435983626427817e-06
1897,0.9998833474918818
1898,0.9999999690541738
1899,0.998566552510429
1900,0.9760580691449653
1901,0.9899053487065961
1902,0.9999897381270311
1903,0.9999998514258944
1904,0.7512999674012152
1905,0.9916991711013289
1906,1.8338673990891675e-05
1907,0.17312518795406584
1908,0.9925481604868958
1909,0.9995394498361573
1910,1.017460271723288e-05
1911,0.009008340396209236
1912,0.06529013816597802
1913,0.999652768617085
1914,0.9999488124699538
1915,0.0014303950934620952
1916,0.9995185982809182
1917,0.00017561221830872582
1918,0.0010160539805884636
1919,0.02062542472132292
1920,0.9999932045024233
1921,0.999999486168025
1922,0.9869897183041264
1923,2.3575602638360085e-08
1924,0.0019023683792230176
1925,3.920708950563877e-05
1926,0.9999191137105133
1927,0.9999987457103138
1928,0.0006829688213062079
1929,0.008092369641801609
1930,7.553822075936591e-05
1931,1.7411650479056976e-09
1932,6.2492614501357135e-06
1933,0.9997231754863964
1934,0.0016041532174027769
1935,0.0039493630065915815
1936,0.9873349258689078
1937,1.1297903963755118e-06
1938,0.0004002293318599896
1939,0.004520284845851553
1940,0.9999497173745676
1941,0.9999515295592079
1942,0.9998791010471637
1943,0.9986183839485454
1944,0.9987691070781892
1945,0.9999999195872451
1946,0.9972504031299255
1947,1.5870202607735652e-08
1948,0.9920635433124135
1949,0.9999519720852521
1950,0.9901721534255924
1951,0.9999819030285336
1952,0.9999546294016186
1953,0.9994435568171139
1954,1.0799846251351378e-06
1955,0.9999837841253784
1956,0.00020516040691601244
1957,0.29794809497516594
1958,0.005754086865772351
1959,4.069980728121246e-05
1960,0.023167816274991156
1961,0.0009644734183684388
1962,0.0006528201853344698
1963,0.9994265100371522
1964,0.9999806297515169
1965,0.06016560315556174
1966,0.0041060819151675955
1967,0.0011487148253760654
1968,0.9997182926043161
1969,1.6801043815841157e-08
1970,1.5666310761738573e-05
1971,0.8691651902911175
1972,1.635601963158068e-05
1973,4.987751524932329e-07
1974,0.0032030058531324515
1975,0.030599381633266177
1976,0.0011706480562640347
1977,0.7440789310246758
1978,0.056988210648801836
1979,0.5150908683935481
1980,0.9380612590858252
1981,3.5691837481795726e-05
1982,1.666842560780273e-07
1983,5.962394923292656e-07
1984,2.9069603498071935e-09
1985,8.265776930266623e-10
1986,7.79417322329876e-05
1987,2.2712583942571453e-08
1988,2.0980554106063215e-06
1989,1.0281387654579861e-06
1990,0.009086694076427527
1991,0.9997317864546429
1992,0.9998662955690101
1993,0.9999958836866368
1994,0.0008144646402462516
1995,0.8477387169358865
1996,1.9626486772311559e-07
1997,0.0004403267809932664
1998,0.000488879385688157
1999,0.9991563915657516
2000,0.9999999846244716
2001,0.0001435353000165365
2002,0.9965515214104185
2003,6.008179834279054e-07
2004,0.9999999780874302
2005,0.9999784314385544
2006,0.957366130129241
2007,0.001314248656651634
2008,1.0250141228821815e-06
2009,0.0013289846499395486
2010,0.00013163468360912552
2011,0.9999692771749604
2012,0.4968429155125305
2013,0.9970725147873959
2014,0.994826361992683
2015,0.9758961179734195
2016,0.00011151614146228216
2017,3.883404381970226e-07
2018,0.9985122097616875
2019,0.9958660512043339
2020,0.0003090637092339727
2021,0.5114609335821882
2022,4.591059478569616e-05
2023,0.9994147875654124
2024,0.029905272211250878
2025,0.9997554411231064
2026,0.9995306879466166
2027,0.8766628505739531
2028,5.9560562098525965e-08
2029,0.9987716002391926
2030,0.997015901543946
2031,0.04119371570977544
2032,0.9999621977832983
2033,0.999575306021585
2034,8.566484500413919e-07
2035,4.493229860032296e-05
2036,0.9075002197208675
2037,0.9993032437242132
2038,0.9997104401347889
2039,0.0024938998833163406
2040,0.00040277390453940593
2041,0.9993131665442478
2042,0.9999164499401224
2043,9.305163315041212e-11
2044,0.9997422660398889
2045,1.3921269691080023e-07
2046,5.191495670218251e-07
2047,0.0002622189993313065
2048,0.6829113337199112
2049,0.9999755989993421
2050,0.00019338818451094386
2051,0.0001444382409331311
2052,0.0015916968869516739
2053,2.203026627413035e-06
2054,1.6540087025664887e-05
2055,9.283087613245454e-05
2056,1.7128036326395314e-09
2057,0.9875414440194957
2058,1.6174999445737007e-08
2059,0.9999866964566844
2060,0.0005792433965334247
2061,0.994166855809583
2062,0.9999999577989749
2063,1.594066079094418e-05
2064,0.00691023209216561
2065,0.6616766611130585
2066,0.0004239072279579505
2067,0.9999291046014318
2068,0.999990240381564
2069,9.788784976164616e-05
2070,0.9902271739087585
2071,0.3647688957121506
2072,0.41007943856421414
2073,0.003447815899870701
2074,0.7841720823759449
2075,0.9994854328253168
2076,8.743563297643603e-05
2077,0.8424322292121954
2078,0.9995296778188633
2079,0.007895512171328193
2080,0.0009489266720711984
2081,0.0013681186645519991
2082,5.52483033089734e-06
2083,0.9958253576197951
2084,0.9999866082016947
2085,7.04634303881434e-06
2086,6.629110945885643e-05
2087,0.9756322192153138
2088,0.9999538391192028
2089,2.2304972562490964e-08
2090,0.9973541135922053
2091,0.9986083416197186
2092,0.9936966440947281
2093,0.10090456414965704
2094,0.04368328113476991
2095,0.9994300983661252
2096,0.22135089975462818
2097,9.284819721982734e-06
2098,0.9996150224983906
2099,0.052848668279931205
2100,0.9972020767467937
2101,0.0011429194586939305
2102,0.9999998444083684
2103,0.0017639924880527124
2104,0.018688504256754224
2105,0.034421495160502996
2106,0.9944184831240775
2107,0.9998329275662838
2108,0.9999998815948554
2109,0.9943599732253006
2110,6.402939867105923e-06
2111,0.03690587273593625
2112,0.9999791133328356
2113,0.003296428580674103
2114,0.991985945837899
2115,8.073841001468458e-06
2116,1.5865420906467236e-06
2117,5.05429619297522e-08
2118,4.7405501969469176e-05
2119,0.9999885207514211
2120,3.958071374505868e-05
2121,0.0010236692278621012
2122,0.9999630735261928
2123,0.9999755238275227
2124,0.9136425231155576
2125,0.00019441318086842895
2126,0.0015489803679593957
2127,7.055769406514704e-09
2128,0.00974219642701654
2129,1.7299794258167403e-06
2130,0.00940572264993565
2131,0.8004836955059844
2132,0.0004451542679616541
2133,0.9999999239327619
2134,0.9998285982402654
2135,0.0003291943803322646
2136,0.9996878109511588
2137,0.9999253496903241
2138,0.9984723560792935
2139,0.9999961932017494
2140,0.9960607628493777
2141,0.998711600393135
2142,0.9955724174468596
2143,0.0008062503024740898
2144,0.9999496824558547
2145,0.948676263084619
2146,0.8339962841733439
2147,0.004675956388059289
2148,0.9998605370743209
2149,4.79187424897352e-07
2150,0.9999912168163121
2151,0.9988202260436406
2152,0.9949365454598321
2153,0.7188951996290288
2154,0.9999999115304685
2155,0.002034391815032213
2156,0.0009965561202425995
2157,8.437175933710966e-08
2158,1.2202159550340628e-07
2159,0.010616189343520892
2160,0.9696831742900399
2161,0.03850219702362254
2162,0.9999819643374775
2163,0.9997834600344855
2164,0.9999435794341257
2165,0.9994038236205132
2166,0.9986572434381394
2167,0.9999999570742627
2168,0.0005554683806618932
2169,8.582591640204028e-13
2170,0.0005213847175661162
2171,0.9994091038709908
2172,0.9999995390738348
2173,0.000311624255938248
2174,0.9999986998437669
2175,2.7957725665845405e-07
2176,0.9903806831330358
2177,0.018142325760509847
2178,0.00013251688561384233
2179,0.999872068117014
2180,0.9999968560630552
2181,0.010813012109315798
2182,0.8942870279534236
2183,0.0036332006891412793
2184,0.9999121941758053
2185,0.0023801201008262413
2186,4.549518665867646e-13
2187,0.9998172223289638
2188,0.9992629812575529
2189,0.9845160799630803
2190,0.9925273733910214
2191,0.652994413174712
2192,0.9997973927270246
2193,8.452084161268372e-09
2194,0.9993388162982818
2195,0.008550304259610227
2196,0.09695492711131753
2197,0.9827260007517363
2198,0.9999946532953758
2199,4.2925465263409887e-07
2200,0.9997560456066273
2201,0.9999649282808759
2202,0.9999952171667382
2203,3.2778043871845274e-05
2204,0.0002507493118305341
2205,0.9999929153944177
2206,0.9999977817940261
2207,0.0005885499318815915
2208,0.9999566768974835
2209,0.9897063324166299
2210,1.9722958459818004e-05
2211,2.2605670883002222e-05
2212,0.9944118312696895
2213,0.006212972142363187
2214,0.0020523794424680782
2215,0.9549760764799331
2216,0.9999881948283967
2217,0.9948518249425178
2218,0.9115582124017539
2219,0.10523831940357344
2220,0.9086141429897266
2221,0.8107151171297513
2222,0.9999967486735276
2223,0.9999280388155574
2224,2.9287853998386387e-05
2225,0.9562874708307914
2226,0.9999752864615339
2227,0.9993371008146696
2228,0.9897294717866539
2229,0.9975579285233837
2230,7.656496893005896e-05
2231,0.001852270627847225
2232,0.2844544554887305
2233,0.006254307798921143
2234,0.019975623556005323
2235,0.9979513292986324
2236,0.9535794533988984
2237,0.00010832001789673746
2238,0.9992124106835568
2239,0.00028306694661153824
2240,0.9999274114087845
2241,0.999999993501715
2242,0.9998481194835854
2243,3.284767996039173e-05
2244,0.9999157256433232
2245,8.016821773208337e-06
2246,1.6938464513166745e-06
2247,0.9999802243349277
2248,2.4371378349673804e-06
2249,3.3880052412050166e-06
2250,8.624809094910857e-06
2251,0.9999069726420667
2252,0.9967264748522638
2253,0.0019436250486123225
2254,1.639872290857803e-06
2255,0.9999860718866731
2256,0.9998967767791485
2257,0.08756038621231209
2258,0.9842217854086429
2259,0.0018256310928659177
2260,0.9999997658930229
2261,0.00019950859250391612
2262,0.00012377729908314065
2263,0.9922163000846772
2264,0.9973216303920438
2265,0.9969700312089189
2266,1.2713975152167892e-07
2267,0.29357939450776205
2268,0.6989391870118897
2269,0.9999886426272523
2270,1.8974617552864393e-08
2271,0.4231233864017477
2272,0.004597652047123344
2273,0.5391763581188529
2274,3.424064115116738e-05
2275,0.9999275337488303
2276,5.406802255031645e-06
2277,0.17929535879430006
2278,5.420769433345847e-08
2279,0.9895192477606531
2280,0.993877632497066
2281,6.764437661446403e-07
2282,2.609357453439306e-05
2283,0.0064255687669611174
2284,1.8611345263930217e-05
2285,0.0010744499918598617
2286,0.9999999744467964
2287,0.9890810415448639
2288,0.010100122213225414
2289,0.9999978416319376
2290,8.573711589162667e-05
2291,0.9995882250891612
2292,0.9993280145586269
2293,0.99723397263132
2294,0.00014626361750641833
2295,0.9786813617856783
2296,3.203820106861618e-09
2297,0.9994369383285528
2298,0.006972675436219093
2299,0.001687813805721157
2300,0.21682991186657186
2301,0.9999996449183415
2302,0.9383235749757927
2303,0.9999989143896072
2304,8.968092581250119e-05
2305,0.821747997263994
2306,0.9999762850689494
2307,0.008277272985999047
2308,0.00021976607168657994
2309,0.9796740230456434
2310,1.518531586094212e-05
2311,0.9866742853632968
2312,0.9991771596410517
2313,0.9999885237207206
2314,0.9843895628786798
2315,1.4279954176216995e-05
2316,0.0008162037583856728
2317,0.9999997210014299
2318,0.9874918820611559
2319,0.06870187965318542
2320,9.286851026756404e-06
2321,0.972678282324243
2322,0.002763335619546639
2323,1.4288390244658136e-05
2324,9.267239960807884e-05
2325,3.1156720932711896e-05
2326,0.9164164455187725
2327,7.975257230272843e-07
2328,0.7936201446093015
2329,3.495504531087524e-05
2330,0.9999999062607697
2331,0.9999710721819446
2332,0.9995514193202978
2333,0.0014934792522906283
2334,0.9992046318201879
2335,0.9989758778941917
2336,0.9997766630000199
2337,4.0019519294610545e-05
2338,0.9997074533714853
2339,1.376949148309592e-07
2340,6.984405696087961e-06
2341,0.049015007087943686
2342,2.7154634473645343e-05
2343,0.9999422879822638
2344,0.9993854756858608
2345,0.9993826076192948
2346,0.038251391092913464
2347,0.999851930005147
2348,0.9999923662025513
2349,2.0709589918616266e-05
2350,0.9845626047655477
2351,0.9999880722449996
2352,1.9024080398492387e-07
2353,0.9999850574083639
2354,0.0001448406621980133
2355,0.08881150217873701
2356,9.696174145342038e-05
2357,0.9382364585465607
2358,0.055578514446228175
2359,8.585298752314047e-09
2360,0.9999978009139593
2361,0.9962145879215356
2362,3.364125237919255e-10
2363,0.00026821725126654247
2364,0.9991468857139729
2365,0.00041531714464246604
2366,0.007233338945058237
2367,0.9996515323458344
2368,0.9993466470829516
2369,0.09881792105065924
2370,0.9578416892498488
2371,0.8524581773818176
2372,0.9999773052435176
2373,0.0008833394887828958
2374,4.888871286912996e-05
2375,0.9969990630223016
2376,0.0028873223806810894
2377,0.9479714438395359
2378,0.9999998623016525
2379,0.0035751292941322995
2380,0.007341555038570107
2381,0.9995358392000755
2382,0.9998846790350722
2383,0.9999722572078424
2384,0.00012313702145115682
2385,0.9668371863719804
2386,0.0006374110738840439
2387,0.9999887360641068
2388,0.9997470693148134
2389,0.007065275576265421
2390,1.1479806904704637e-08
2391,0.0030250013971834166
2392,0.0012494814111272438
2393,0.9952927421059001
2394,0.9996249676773671
2395,8.746237730355014e-05
2396,0.8400343774834771
2397,0.9999998502200078
2398,0.9998101531230099
2399,0.9940584193898387
2400,0.00012862770694586911
2401,7.831152968968292e-07
2402,0.9999998349919189
2403,0.000659010149214746
2404,0.9999052465421125
2405,0.9999964022865405
2406,0.999997037425825
2407,0.9999994377828888
2408,0.999978433176717
2409,0.013425647903792675
2410,0.999985067472471
2411,8.449038201932287e-07
2412,0.0013494516405077152
2413,0.999999840593608
2414,0.0004200680461520809
2415,0.9994941936622936
2416,0.0003956569843194218
2417,0.8994553905277027
2418,0.008230530707485435
2419,3.1056883099090577e-08
2420,0.9999439031325676
2421,0.010565997226542676
2422,0.0005004048068522229
2423,0.9999986737891708
2424,8.102316052466359e-05
2425,0.0007660852712705836
2426,0.996494482709905
2427,1.8386920834200414e-06
2428,6.509465337218463e-06
2429,0.9963790902924874
2430,0.00017638708212355691
2431,0.9999744482849695
2432,0.9999732587400739
2433,0.0049174979468121355
2434,0.9907796980347289
2435,0.9998191148358491
2436,0.0037446091121353126
2437,0.9999998219299759
2438,0.9999911722036011
2439,0.9999481927015582
2440,0.9999989491515245
2441,0.9983952116563815
2442,0.9804512604063921
2443,0.00017801123270429081
2444,0.9999998021873899
2445,1.96474297212981e-08
2446,0.00025329874242953354
2447,0.9999818007856281
2448,0.9951146795736482
2449,0.9939584521644533
2450,1.7171619448748348e-06
2451,5.7999842269885746e-05
2452,6.318501563358145e-05
2453,0.9996585221152211
2454,4.2882821539150884e-05
2455,0.000705277007297743
2456,0.983321685232772
2457,0.9999938937064952
2458,0.6238403058306748
2459,0.2888858907657183
2460,1.132154419087215e-06
2461,0.9997542056978436
2462,0.9994289724118252
2463,0.9999651714094686
2464,0.9965013780003984
2465,0.9991877868269843
2466,1.4684157529174247e-05
2467,0.03976590675788471
2468,0.8194300364242386
2469,2.426346390999842e-07
2470,0.91814848100266
2471,0.9999642582106258
2472,0.987830788116287
2473,7.530686094811059e-10
2474,0.9999934720069461
2475,0.8664603452796799
2476,0.021801006444540055
2477,0.9774289864895418
2478,0.9997433195164186
2479,0.9971776142783291
2480,0.0005134642551338087
2481,3.5227567618235657e-07
2482,0.9999835361694805
2483,0.9958062810045943
2484,8.396884262320571e-08
2485,0.45467615210184265
2486,0.9999812563925159
2487,0.9999978368526853
2488,0.00013919752451621464
2489,1.5740427037700254e-05
2490,0.9999458565645424
2491,0.9999847356671576
2492,6.828125015577417e-05
2493,0.9997219909966256
2494,0.9999977926413756
2495,0.9773255795923078
2496,0.9999401756544762
2497,0.8115481647785902
2498,0.0008407841010662782
2499,0.0006451367417989548
2500,0.0006059357260112886
2501,0.9998026939918857
2502,0.9999918095909365
2503,0.9900297641317781
2504,0.9989303532076171
2505,0.9999999999414555
2506,0.9999632280734154
2507,0.01748719533776293
2508,9.707032682678889e-06
2509,0.005600964112041025
2510,0.9998743855437101
2511,0.9997999526458278
2512,0.9892963752552717
2513,0.000539853573576934
2514,0.9999905365018696
2515,2.3520949422115672e-05
2516,6.976533466530092e-07
2517,0.993092476476258
2518,0.9968048054942105
2519,9.257986621047046e-06
2520,0.9999979732535175
2521,0.998839823901835
2522,5.484802242921526e-10
2523,0.9999748398959252
2524,0.0006899572274976087
2525,0.00022068144970103154
2526,0.9999992546548524
2527,0.0009129074143928552
2528,0.9683618964666287
2529,0.999814446845773
2530,0.9999978261334695
2531,0.00011365649006052692
2532,0.9999025693136709
2533,0.9999992110475628
2534,0.9991192611672907
2535,0.995370246183888
2536,0.998779386736294
2537,5.680125283216758e-05
2538,0.9998830752797621
2539,0.00029827278164679143
2540,0.9998494576342976
2541,0.9998968952360864
2542,0.9989919532006784
2543,0.002704192029499811
2544,0.00023934069547512787
2545,0.9999984136046338
2546,0.6052387090646019
2547,0.008421278543202217
2548,5.216686951190606e-05
2549,0.9879533001487966
2550,0.0017221383321573804
2551,0.9940532754218588
2552,0.0006604691008692781
2553,0.9990285904716819
2554,6.073525028402776e-08
2555,0.9962327974726967
2556,1.7427400470695907e-06
2557,5.305287440224635e-05
2558,0.11961484034512518
2559,0.993726506024013
2560,1.5084828036270135e-05
2561,0.0002515198035266478
2562,0.9994161909292112
2563,0.0024026152493395814
2564,0.99999836214085
2565,2.947144334980924e-06
2566,0.9955232405171751
2567,3.940206746154558e-07
2568,1.9417399624716975e-05
2569,0.9971108678438084
2570,2.35761046368899e-06
2571,2.9080924972223114e-06
2572,0.0001070625262863975
2573,0.9999534734478908
2574,0.9559701488973976
2575,0.019617289153947677
2576,0.9991665603504525
2577,0.9999034344351502
2578,0.9799799167213334
2579,0.0006070008505948422
2580,0.22702306683989346
2581,0.0005544196990999116
2582,0.9995853754260103
2583,0.9996534725374674
2584,9.131342945858151e-05
2585,0.9963681762204767
2586,0.9970563216463649
2587,0.011482379847134534
2588,0.9993526592162973
2589,0.9935513589152458
2590,1.30759211872395e-07
2591,0.9981648713806082
2592,0.9992830586586489
2593,0.997288886063228
2594,0.9999820276212191
2595,0.9999046251694242
2596,0.9982813973388459
2597,0.8121980709227862
2598,0.9997767843853143
2599,0.9999383501007593
2600,0.9956374085687937
2601,3.317534950697875e-05
2602,0.99934813165913
2603,0.21141666127176736
2604,0.9998240775922358
2605,0.9094844735474006
2606,8.759529644840366e-06
2607,0.9964155308684804
2608,0.05623760765165242
2609,2.5608266023741866e-08
2610,0.999991943508553
2611,0.9999928305782279
2612,0.0014491986602935064
2613,0.9999996637634234
2614,3.6534105174456566e-05
2615,0.9990804686094416
2616,0.9999897763356882
2617,0.0006080595833529666
2618,0.9973392016991652
2619,0.1962963395476509
2620,0.9869749776547884
2621,0.9999977205668003
2622,0.0003824768984800559
2623,0.9999030797013255
2624,7.111521869480562e-05
2625,0.9999955340886209
2626,9.227720355109495e-05
2627,0.999900428964419
2628,0.9998718161248548
2629,0.00013472944446818973
2630,0.9999969085749153
2631,6.34826975206755e-06
2632,0.004528110067065372
2633,0.9999954240647904
2634,0.9999880459154472
2635,0.9999951170218813
2636,0.9948999441459189
2637,0.9999108037898031
2638,0.9998209558483999
2639,0.10754324261370045
2640,0.8799417583073302
2641,0.992051443217349
2642,3.460013880130501e-08
2643,0.004131744691361285
2644,0.9999999600905125
2645,0.9694811078196746
2646,0.3199752102436845
2647,0.8568516470361875
2648,2.9295566698704056e-05
2649,0.0015528354203764162
2650,2.6117919898466973e-06
2651,1.2823381338851662e-08
2652,0.0004334972753951719
2653,0.9738439225040041
2654,0.9997213441111408
2655,0.0032068659042505518
2656,0.999997848592874
2657,0.026881609166312877
2658,0.9971174103689054
2659,0.0009381914937364232
2660,0.9999832370216977
2661,1.3484453458895993e-13
2662,0.00011479819283018953
2663,6.7181048978421095e-06
2664,0.0006230526144953492
2665,0.9989438285758773
2666,0.00208088229354362
2667,1.3960925354187647e-08
2668,0.001891735799766161
2669,8.850791669805171e-10
2670,0.9999530679000985
2671,0.9999447309410203
2672,0.9998658577642899
2673,0.9999999992290172
2674,0.9999993461573368
2675,0.9999917619116149
2676,0.9655071209128658
2677,0.999889031670134
2678,7.552787455529935e-08
2679,5.6355275490985464e-05
2680,9.851039049819699e-06
2681,0.9998112204700969
2682,0.10383924215365711
2683,0.579131599035067
2684,0.9632918024868286
2685,6.91721776860141e-08
2686,4.3219501269461995e-08
2687,0.9998799466818334
2688,0.00016599499704027219
2689,0.9996134458593868
2690,0.9991437315416805
2691,0.9997975556587583
2692,0.00011455109275893445
2693,0.0001881445472846417
2694,0.9993211277755728
2695,0.999948973191527
2696,0.33314640984424204
2697,0.9999999505108301
2698,5.316430289111827e-11
2699,0.9999737745697718
2700,0.0002481042423608679
2701,0.9999672108777192
2702,0.42819136026697563
2703,0.999989911854483
2704,1.8203081995655076e-05
2705,2.7829885755885045e-06
2706,0.9999298001756887
2707,0.10770159927992956
2708,0.010512305080582623
2709,0.000227371577860797
2710,0.00013507552134903517
2711,7.445074191238586e-05
2712,0.9999897619271352
2713,4.685609642367728e-06
2714,2.1051122714160715e-09
2715,0.9997876496737389
2716,0.9985727675987564
2717,0.9999854708547338
2718,0.9999601143798335
2719,0.9990566733849279
2720,0.9897169785508311
2721,0.013420094223070765
2722,0.9999984625994164
2723,0.9603798813496667
2724,3.758880956604466e-09
2725,0.004502857486331435
2726,1.6702491410346074e-06
2727,3.3694574200485097e-09
2728,0.00684836673347737
2729,2.7727011546758314e-06
2730,2.6095478415087686e-09
2731,0.009872080161590845
2732,0.9999999916254664
2733,0.9841356730402357
2734,0.9999789744863736
2735,0.9458923838143829
2736,0.9999999985210382
2737,1.0888391260329155e-07
2738,4.3178515819738647e-05
2739,0.510166112197716
2740,0.9999314508899232
2741,0.9999872650442803
2742,0.9999434872444739
2743,0.9999994683859981
2744,0.0019191164534390014
2745,0.9996418788387116
2746,4.599719182630047e-06
2747,0.9997700763978614
2748,0.9997657331732117
2749,8.122440250291478e-08
2750,0.9779592437083547
2751,0.9830461818333764
2752,0.002954472779486922
2753,1.5551443884211854e-08
2754,0.9983935143329753
2755,0.9993118008768386
2756,0.9999984342142737
2757,0.00020786546415726503
2758,0.9999975188706807
2759,0.9994455507879948
2760,0.1392905584935985
2761,0.9987337550786778
2762,2.9652883680263722e-05
2763,9.94333481008197e-06
2764,0.999988275404477
2765,7.794360606010094e-05
2766,0.9995500300537746
2767,9.418132328043309e-05
2768,1.4764711479361785e-07
2769,0.00010349171073672265
2770,0.005025137958085403
2771,0.9203558841613272
2772,1.5710581519793084e-06
2773,0.027482779145066062
2774,0.01521875719124139
2775,4.773799228499386e-06
2776,1.4227712626150337e-05
2777,0.9999648425543977
2778,0.9999561691247838
2779,0.9999494501937782
2780,0.0002052572710328256
2781,0.9999392824147522
2782,0.9999677206923117
2783,7.900652237930454e-09
2784,5.432060058340653e-06
2785,1.0795950918130899e-06
2786,0.9998671844087239
2787,0.9956999116388663
2788,1.0305588032036611e-05
2789,0.9985411186503629
2790,0.011217779486280274
2791,0.9999400170326185
2792,0.00011316252320391551
2793,0.9999618204444554
2794,0.9998350185965977
2795,0.991452595436054
2796,0.8959435219026435
2797,0.0008737884562650583
2798,0.9972126410812147
2799,0.9999788710828338
2800,2.4697192298270173e-05
2801,0.00022056303486119266
2802,1.601068952005071e-07
2803,0.9993705707821477
2804,0.9999999919718868
2805,0.000335755844578103
2806,0.9998057374090025
2807,1.970502049364826e-05
2808,1.4664748099654444e-06
2809,0.999618022220062
2810,0.9998615593694369
2811,0.9999941976208743
2812,0.5833958417788409
2813,0.20552900651720504
2814,0.9842027557118312
2815,4.071436887738923e-05
2816,0.9999765352955806
2817,0.9777691762978706
2818,0.00031062046884360495
2819,2.1883924707719835e-11
2820,0.9977671064740152
2821,1.1315766416960823e-06
2822,0.001523464473797962
2823,0.9999516234631216
2824,0.9994030027081294
2825,0.9996468627252971
2826,0.9999516248513656
2827,3.068096160936487e-07
2828,0.9928090448613792
2829,0.9937482671175625
2830,0.025996110832696744
2831,2.7228844169760603e-07
2832,0.9316829341669293
2833,6.569261622935985e-06
2834,0.965302911637485
2835,0.001925216303213033
2836,4.4008061287853045e-10
2837,0.9799153887881453
2838,0.9999925944239606
2839,0.9817236121853057
2840,1.016137533943895e-05
2841,1.8411522611913917e-09
2842,0.00010632526458604059
2843,1.3515856405607496e-07
2844,0.9362718505842016
2845,3.596125127707284e-06
2846,0.999910670105715
2847,0.9996200492478691
2848,0.9998898183358043
2849,0.0071110328367295665
2850,0.004572210902263191
2851,3.314920629352088e-07
2852,0.9997964293755803
2853,1.412291880684437e-05
2854,0.9961181904893108
2855,0.008265399720660212
2856,0.00023245029381647813
2857,6.486071650080892e-07
2858,1.0250625998834836e-10
2859,0.9990678640573857
2860,0.0026491632536895073
2861,0.9998743381112031
2862,0.9999942694879079
2863,0.9999755773942824
2864,0.0012712865538605934
2865,0.49232307403773395
2866,0.9988668478224796
2867,0.9998691762873084
2868,0.00030450383196285367
2869,0.06832178419326485
2870,0.9999997588008127
2871,0.00021951697020204886
2872,0.9999999752781799
2873,0.9943603765269198
2874,1.124629608102305e-07
2875,0.0004573233408952344
2876,0.9982984968089567
2877,0.0004179791827349677
2878,0.9999947692294103
2879,0.9997608221436404
2880,0.9998450623774778
2881,5.5870334931678683e-05
2882,0.9999521071471603
2883,0.9999993572567255
2884,4.7746650866539924e-06
2885,5.57776520548211e-09
2886,0.997556333616799
2887,0.0005225912289860823
2888,0.0003113785650092414
2889,0.999964947644612
2890,0.9999901635840237
2891,0.9930034426506671
2892,0.9950432669695342
2893,0.999795577427704
2894,0.00017543369052905105
2895,0.9993426442268679
2896,0.9999774448019417
2897,0.999943387031377
2898,6.987463889141752e-05
2899,0.9715669740997447
2900,0.007495261321377084
2901,0.9999094081335184
2902,0.9997137755258465
2903,0.9998069445275186
2904,0.2001750462544381
2905,0.9999470678850515
2906,0.9999404152897667
2907,0.00796832977544241
2908,6.691708571240468e-09
2909,0.7514221448759322
2910,0.9943505915478683
2911,2.258755198434562e-06
2912,0.9712470929315868
2913,2.2942686324216894e-08
2914,0.9758596301174922
2915,0.9994537376319323
2916,0.9996892976497456
2917,0.9999224059234624
2918,0.9999864219113415
2919,0.9995678566162286
2920,4.0823486470188756e-05
2921,0.9987000833703342
2922,0.999988082958131
2923,0.9999749588092622
2924,0.00017231817571084336
2925,0.9969071691225322
2926,0.9999220861314206
2927,2.1772411419998636e-05
2928,4.95142006665061e-11
2929,1.3382671847577931e-08
2930,0.9796956779422795
2931,0.9999489401282567
2932,0.9497663880065607
2933,0.0001929730132081375
2934,0.9998888763409807
2935,0.9930494555153929
2936,0.9999991389607348
2937,0.0014466656837003379
2938,0.0006065367185515432
2939,0.9996877985571251
2940,0.000145621461409445
2941,0.000746657024236185
2942,0.9978614804491316
2943,4.5132153434918395e-06
2944,0.00010768553893713561
2945,0.999161501281713
2946,0.9999839318158289
2947,0.0023309248364333512
2948,7.889543626246724e-09
2949,0.9996908421379135
2950,0.009462648368672541
2951,0.7968389508268715
2952,0.0013993469536787715
2953,0.9990208201453774
2954,0.047929180643832905
2955,0.9998981729225085
2956,3.978900759375614e-10
2957,0.0032309689977379624
2958,0.9999857578640419
2959,0.003443341382543991
2960,0.966397984909224
2961,0.0006731677420358669
2962,0.9999969328785113
2963,0.9999794130850165
2964,1.800339768199819e-05
2965,0.9990611528037227
2966,1.0840676282478878e-05
2967,0.9901773249072302
2968,0.9999540838684184
2969,2.868256278037124e-09
2970,0.9999998682964852
2971,0.9999996985955673
2972,0.0001109460712860888
2973,0.9948676709049636
2974,0.00025104747650389706
2975,0.9999987201004578
2976,0.9983314021658662
2977,0.9830782388237683
2978,0.0005440244925152427
2979,0.9979347480543966
2980,8.486906394373018e-07
2981,1.2679355623770856e-09
2982,3.439085582499966e-05
2983,0.9944400206275058
2984,0.9999998183390298
2985,9.279312244115348e-05
2986,2.7099819196669974e-05
2987,0.00047835288130718893
2988,0.9998660508125086
2989,8.265617421691556e-07
2990,4.531222980325641e-06
2991,0.9988873556541086
2992,0.998940646453744
2993,0.00019146472072710245
2994,0.9996354226471795
2995,0.9999768014548335
2996,4.314110625706606e-05
2997,0.99791889675126
2998,0.9160863804293733
2999,0.9965710957566063
3000,0.709686446821857
3001,3.125171022581405e-05
3002,0.9999803046573705
3003,0.9974277874666712
3004,0.9937533422332117
3005,0.9999950603120026
3006,0.9999412931308999
3007,0.9999998921339156
3008,3.285554374598308e-09
3009,0.05020359709628586
3010,1.997686045773941e-05
3011,3.440563715584882e-06
3012,0.9995015428434031
3013,1.6072155654812695e-10
3014,0.9966862939212945
3015,0.9999107765461167
3016,0.003697889142926505
3017,0.9999842451722971
3018,0.9966220952968841
3019,0.9993528222076075
3020,0.00023563187462247558
3021,0.9998714469395791
3022,0.9999997772106012
3023,0.9992988942984761
3024,0.0035824587845662927
3025,0.9943365288547358
3026,0.9999332940473785
3027,0.0014455282213544434
3028,0.00018485083828724633
3029,0.0004876792217198417
3030,0.999944409982883
3031,0.9999122208872406
3032,0.0007994605408680465
3033,0.00010573718348636793
3034,3.5217778613406834e-05
3035,0.9998655873929203
3036,5.253968876544444e-06
3037,0.015836754991829995
3038,0.9957312875290011
3039,0.999705016749098
3040,0.9888957869011914
3041,0.9998872033249466
3042,0.00023070610718701998
3043,0.9457353755625116
3044,0.000635429186153298
3045,4.002619586389456e-05
3046,0.9999997272002747
3047,0.9971099534630002
3048,0.00041047813820894416
3049,0.9999369527314043
3050,0.9997036147522259
3051,0.9593961716632732
3052,0.516300159148214
3053,0.995692763407651
3054,0.0026501781135297277
3055,0.00033622009453753386
3056,0.9943755648487288
3057,0.00011759091443938503
3058,0.0007663850050448309
3059,0.06788173298103484
3060,0.9921584284191176
3061,7.171813706059668e-05
3062,0.9834120549214515
3063,2.3918109259006844e-05
3064,1.144176347139205e-08
3065,0.9983797970821755
3066,7.398453436124187e-08
3067,0.9999982353253668
3068,4.190202156126639e-09
3069,0.9999955455464843
3070,0.9924285969054634
3071,0.9982213978029325
3072,5.464976954967813e-05
3073,0.00014563655929523267
3074,0.9999337898855789
3075,0.9994892537200565
3076,0.9998211214489212
3077,0.3703358999797345
3078,2.1717940508683933e-08
3079,0.99999431773561
3080,0.9710207104695887
3081,0.9991096157167588
3082,7.474460615015132e-06
3083,1.8780648185618435e-09
3084,0.0017051162271505785
3085,0.00027187264627218625
3086,0.9999948635342714
3087,0.00017042298457106453
3088,0.00016688227007948263
3089,9.002197103006039e-08
3090,0.0003406414670995919
3091,0.9999999810173456
3092,0.9957876506507516
3093,2.926372488697511e-09
3094,0.8151418030749489
3095,0.0008177051923344305
3096,0.9413870501534788
3097,4.280990227502577e-05
3098,0.9953310784508684
3099,0.9996850317852151
3100,0.9997208072157713
3101,0.012164496996223746
3102,0.99993798815955
3103,0.00031908810255837773
3104,0.9995984300494066
3105,0.000582436911777945
3106,0.0004256339828180297
3107,0.3295566526125683
3108,0.09946862006587247
3109,0.00262268354918128
3110,0.0009268921282979551
3111,0.9990750824159124
3112,0.9991683128075389
3113,0.9834999772081748
3114,0.9941021119506098
3115,0.00020617641401026978
3116,0.00010104129704450383
3117,0.9998324927388569
3118,0.9927372194149775
3119,0.000733323794986381
3120,0.9997210695723682
3121,0.0004953751337502328
3122,0.005495228224345437
3123,7.487761570666982e-05
3124,0.9999947274465062
3125,0.9859467471294221
3126,4.015848775330448e-08
3127,0.9999987877600571
3128,0.9999638490491146
3129,2.9509062921911057e-07
3130,0.9803787417818186
3131,0.986308890887002
3132,0.05538360717497698
3133,0.002636476802799756
3134,0.992688588680015
3135,0.5479886788183204
3136,0.9992632581780796
3137,0.9999874887441071
3138,0.002515471730799824
3139,0.038133058604296
3140,0.9997405407487854
3141,8.580310121092817e-07
3142,0.9995371342291436
3143,0.9999843059673228
3144,0.0003908768497553187
3145,0.9999668235260392
3146,0.999979029963251
3147,0.999300608094297
3148,0.9997055102641439
3149,0.9976797189012157
3150,0.0003790207520972989
3151,0.9999396153889281
3152,4.306499078369177e-07
3153,1.8396943940258877e-08
3154,0.9978234663886741
3155,0.010729934022869132
3156,0.9324215263650949
3157,0.9999578569248294
3158,0.0017573996347709114
3159,7.980547454652813e-06
3160,0.00029395801018138707
3161,1.1913633232181529e-06
3162,0.0033444738107443086
3163,0.9996773307415898
3164,1.7771734998060586e-05
3165,0.999878359134596
3166,0.10741604486450951
3167,2.0435906214071875e-05
3168,0.02649915607349067
3169,0.13756732926055407
3170,0.9988265465819759
3171,0.9998601793018541
3172,0.9999781951041276
3173,0.9988639233289078
3174,0.9999835470951077
3175,7.207387411802834e-08
3176,0.9999420415237981
3177,0.9996021483830121
3178,0.00011554301465051462
3179,0.9704196210384995
3180,0.9974541337331353
3181,0.0010140956399779597
3182,5.073840992265916e-06
3183,0.995795347092504
3184,0.0017099979231515081
3185,0.934397221554328
3186,0.0016215268616497588
3187,0.0036249507929344885
3188,8.488832995340328e-09
